batches,lengths,samples,step,time
1,10240,5,1,43.1422455130014
2,20480,10,2,48.289053073000105
